<?xml version="1.0" encoding="UTF-8"?>
<project-private xmlns="http://www.netbeans.org/ns/project-private/1">
    <editor-bookmarks xmlns="http://www.netbeans.org/ns/editor-bookmarks/2" lastBookmarkId="0"/>
    <open-files xmlns="http://www.netbeans.org/ns/projectui-open-files/2">
        <group>
            <file>file:/C:/Users/TOSHIBA/Desktop/SpaceInvaders/SpaceInvaders/src/Controllers/Settings.java</file>
            <file>file:/C:/Users/TOSHIBA/Desktop/SpaceInvaders/SpaceInvaders/src/Models/Player.java</file>
            <file>file:/C:/Users/TOSHIBA/Desktop/SpaceInvaders/SpaceInvaders/src/Controllers/StartPageController.java</file>
            <file>file:/C:/Users/TOSHIBA/Desktop/SpaceInvaders/SpaceInvaders/src/Controllers/GameOverPaneController.java</file>
            <file>file:/C:/Users/TOSHIBA/Desktop/SpaceInvaders/SpaceInvaders/src/spaceinvaders/SpaceInvaders.java</file>
            <file>file:/C:/Users/TOSHIBA/Desktop/SpaceInvaders/SpaceInvaders/src/Controllers/Level1PageController.java</file>
        </group>
    </open-files>
</project-private>
